species,pu,amount
1,1,0.0
1,2,0.0
1,3,0.0
1,4,0.0
1,5,0.0
1,6,0.0
1,7,0.0
1,8,0.0
1,9,0.0
1,10,0.0
1,11,0.0
1,12,0.0
1,13,0.0
1,14,0.0
1,15,0.0
1,16,0.0
1,17,0.0
1,18,0.0
1,19,0.0
1,20,0.0
1,21,0.0
1,22,0.0
1,23,0.0
1,24,0.0
1,25,0.0
1,26,0.0
1,27,0.0
1,28,0.0
1,29,0.0
1,30,0.0
1,31,0.0
1,32,0.0
1,33,0.0
1,34,0.0
1,35,0.0
1,36,0.0
1,37,0.0
1,38,0.0
1,39,0.0
1,40,0.0
1,41,0.0
1,42,0.0
1,43,0.0
1,44,0.0
1,45,0.0
1,46,0.0
1,47,0.0
1,48,0.0
1,49,0.0
1,50,0.0
1,51,0.0
1,52,0.0
1,53,0.0
1,54,0.0
1,55,0.0
1,56,0.0
1,57,0.0
1,58,0.0
1,59,0.0
1,60,0.0
1,61,0.0
1,62,0.0
1,63,0.0
1,64,0.0
1,65,0.0
1,66,0.0
1,67,0.0
1,68,0.0
1,69,0.0
1,70,0.0
1,71,0.0
1,72,0.0
1,73,0.0
1,74,0.0
1,75,0.0
1,76,0.0
1,77,0.0
1,78,0.0
1,79,0.0
1,80,0.0
1,81,0.0
1,82,0.0
1,83,0.0
1,84,0.0
1,85,0.0
1,86,0.0
1,87,0.0
1,88,0.0
1,89,0.0
1,90,0.0
1,91,0.0
1,92,0.0
1,93,0.0
1,94,0.0
1,95,0.0
1,96,0.0
1,97,0.0
1,98,0.0
1,99,0.0
1,100,0.0
1,101,0.0
1,102,0.0
1,103,0.0
1,104,0.0
1,105,0.0
1,106,0.0
1,107,0.0
1,108,0.0
1,109,0.0
1,110,0.0
1,111,0.0
1,112,0.0
1,113,0.0
1,114,0.0
1,115,0.0
1,116,0.0
1,117,0.0
1,118,0.0
1,119,0.0
1,120,0.0
1,121,0.0
1,122,0.0
1,123,0.0
1,124,0.0
1,125,0.0
1,126,0.0
1,127,0.0
1,128,0.0
1,129,0.0
1,130,0.0
1,131,0.0
1,132,1.0
1,133,1.0
1,134,1.0
1,135,4.0
1,136,1.0
1,137,0.0
1,138,0.0
1,139,0.0
1,140,0.0
1,141,0.0
1,142,0.0
1,143,0.0
1,144,0.0
1,145,0.0
1,146,0.0
1,147,0.0
1,148,0.0
1,149,0.0
1,150,0.0
1,151,0.0
1,152,0.0
1,153,0.0
1,154,0.0
1,155,0.0
1,156,0.0
1,157,0.0
1,158,0.0
1,159,0.0
1,160,0.0
1,161,0.0
1,162,0.0
1,163,0.0
1,164,0.0
1,165,1.0
1,166,1.0
1,167,3.0
1,168,3.0
1,169,2.0
1,170,4.0
1,171,4.0
1,172,5.0
1,173,5.0
1,174,1.0
1,175,0.0
1,176,0.0
1,177,0.0
1,178,0.0
1,179,0.0
1,180,0.0
1,181,0.0
1,182,0.0
1,183,0.0
1,184,0.0
1,185,0.0
1,186,0.0
1,187,0.0
1,188,0.0
1,189,0.0
1,190,0.0
1,191,0.0
1,192,0.0
1,193,0.0
1,194,0.0
1,195,0.0
1,196,0.0
1,197,0.0
1,198,0.0
1,199,1.0
1,200,1.0
1,201,1.0
1,202,3.0
1,203,3.0
1,204,3.0
1,205,2.0
1,206,2.0
1,207,4.0
1,208,5.0
1,209,5.0
1,210,5.0
1,211,0.0
1,212,0.0
1,213,0.0
1,214,0.0
1,215,0.0
1,216,0.0
1,217,0.0
1,218,0.0
1,219,0.0
1,220,0.0
1,221,0.0
1,222,0.0
1,223,0.0
1,224,0.0
1,225,0.0
1,226,0.0
1,227,0.0
1,228,0.0
1,229,0.0
1,230,0.0
1,231,0.0
1,232,0.0
1,233,1.0
1,234,1.0
1,235,1.0
1,236,2.0
1,237,2.0
1,238,2.0
1,239,2.0
1,240,2.0
1,241,1.0
1,242,2.0
1,243,3.5
1,244,5.0
1,245,5.0
1,246,5.0
1,247,5.0
1,248,0.0
1,249,0.0
1,250,0.0
1,251,0.0
1,252,0.0
1,253,0.0
1,254,0.0
1,255,0.0
1,256,0.0
1,257,0.0
1,258,0.0
1,259,0.0
1,260,0.0
1,261,0.0
1,262,0.0
1,263,0.0
1,264,0.0
1,265,0.0
1,266,0.0
1,267,0.0
1,268,0.0
1,269,3.0
1,270,3.0
1,271,3.0
1,272,2.0
1,273,2.0
1,274,2.0
1,275,2.0
1,276,1.0
1,277,1.0
1,278,2.0
1,279,2.0
1,280,5.0
1,281,5.0
1,282,5.0
1,283,5.0
1,284,0.0
1,285,0.0
1,286,0.0
1,287,0.0
1,288,0.0
1,289,0.0
1,290,0.0
1,291,0.0
1,292,0.0
1,293,0.0
1,294,0.0
1,295,0.0
1,296,0.0
1,297,0.0
1,298,0.0
1,299,0.0
1,300,0.0
1,301,0.0
1,302,0.0
1,303,0.0
1,304,0.0
1,305,1.0
1,306,2.0
1,307,1.0
1,308,4.0
1,309,0.0
1,310,2.0
1,311,2.0
1,312,2.0
1,313,5.0
1,314,1.0
1,315,2.0
1,316,3.0
1,317,5.0
1,318,5.0
1,319,5.0
1,320,0.0
1,321,0.0
1,322,0.0
1,323,0.0
1,324,0.0
1,325,0.0
1,326,0.0
1,327,0.0
1,328,0.0
1,329,0.0
1,330,0.0
1,331,0.0
1,332,0.0
1,333,0.0
1,334,0.0
1,335,0.0
1,336,0.0
1,337,0.0
1,338,0.0
1,339,0.0
1,340,0.0
1,341,1.0
1,342,2.0
1,343,3.0
1,344,1.0
1,345,1.0
1,346,0.0
1,347,0.0
1,348,0.0
1,349,2.0
1,350,1.0
1,351,2.0
1,352,3.0
1,353,4.0
1,354,4.0
1,355,5.0
1,356,0.0
1,357,0.0
1,358,0.0
1,359,0.0
1,360,0.0
1,361,0.0
1,362,0.0
1,363,0.0
1,364,0.0
1,365,0.0
1,366,0.0
1,367,0.0
1,368,0.0
1,369,0.0
1,370,0.0
1,371,0.0
1,372,0.0
1,373,0.0
1,374,0.0
1,375,0.0
1,376,0.0
1,377,0.0
1,378,3.0
1,379,3.0
1,380,1.0
1,381,1.0
1,382,1.0
1,383,1.0
1,384,0.0
1,385,0.0
1,386,1.0
1,387,1.0
1,388,2.0
1,389,3.0
1,390,4.0
1,391,3.0
1,392,0.0
1,393,0.0
1,394,0.0
1,395,0.0
1,396,0.0
1,397,0.0
1,398,0.0
1,399,0.0
1,400,0.0
1,401,0.0
1,402,0.0
1,403,0.0
1,404,0.0
1,405,0.0
1,406,0.0
1,407,0.0
1,408,0.0
1,409,0.0
1,410,0.0
1,411,0.0
1,412,0.0
1,413,0.0
1,414,0.0
1,415,1.0
1,416,1.0
1,417,3.0
1,418,1.0
1,419,2.0
1,420,1.0
1,421,1.0
1,422,1.0
1,423,1.0
1,424,1.0
1,425,3.0
1,426,1.0
1,427,4.0
1,428,0.0
1,429,0.0
1,430,0.0
1,431,0.0
1,432,0.0
1,433,0.0
1,434,0.0
1,435,0.0
1,436,0.0
1,437,0.0
1,438,0.0
1,439,0.0
1,440,0.0
1,441,0.0
1,442,0.0
1,443,0.0
1,444,0.0
1,445,0.0
1,446,0.0
1,447,0.0
1,448,0.0
1,449,0.0
1,450,0.0
1,451,1.0
1,452,1.0
1,453,1.0
1,454,1.0
1,455,1.0
1,456,1.0
1,457,1.0
1,458,1.0
1,459,1.0
1,460,1.0
1,461,5.0
1,462,5.0
1,463,4.0
1,464,0.0
1,465,0.0
1,466,0.0
1,467,0.0
1,468,0.0
1,469,0.0
1,470,0.0
1,471,0.0
1,472,0.0
1,473,0.0
1,474,0.0
1,475,0.0
1,476,0.0
1,477,0.0
1,478,0.0
1,479,0.0
1,480,0.0
1,481,0.0
1,482,0.0
1,483,0.0
1,484,0.0
1,485,0.0
1,486,0.0
1,487,0.0
1,488,1.0
1,489,1.0
1,490,1.0
1,491,1.0
1,492,2.0
1,493,1.0
1,494,1.0
1,495,2.0
1,496,3.0
1,497,5.0
1,498,5.0
1,499,4.0
1,500,0.0
1,501,0.0
1,502,0.0
1,503,0.0
1,504,0.0
1,505,0.0
1,506,0.0
1,507,0.0
1,508,0.0
1,509,0.0
1,510,0.0
1,511,0.0
1,512,0.0
1,513,0.0
1,514,0.0
1,515,0.0
1,516,0.0
1,517,0.0
1,518,0.0
1,519,0.0
1,520,0.0
1,521,0.0
1,522,0.0
1,523,0.0
1,524,0.0
1,525,1.0
1,526,1.0
1,527,2.0
1,528,2.0
1,529,1.0
1,530,1.0
1,531,3.0
1,532,2.0
1,533,1.0
1,534,5.0
1,535,1.0
1,536,0.0
1,537,0.0
1,538,0.0
1,539,0.0
1,540,0.0
1,541,0.0
1,542,0.0
1,543,0.0
1,544,0.0
1,545,0.0
1,546,0.0
1,547,0.0
1,548,0.0
1,549,0.0
1,550,0.0
1,551,0.0
1,552,0.0
1,553,0.0
1,554,0.0
1,555,0.0
1,556,0.0
1,557,0.0
1,558,0.0
1,559,0.0
1,560,0.0
1,561,1.0
1,562,3.0
1,563,3.0
1,564,2.0
1,565,2.0
1,566,1.0
1,567,1.0
1,568,3.0
1,569,4.0
1,570,1.0
1,571,0.0
1,572,0.0
1,573,0.0
1,574,0.0
1,575,0.0
1,576,0.0
1,577,0.0
1,578,0.0
1,579,0.0
1,580,0.0
1,581,0.0
1,582,0.0
1,583,0.0
1,584,0.0
1,585,0.0
1,586,0.0
1,587,0.0
1,588,0.0
1,589,0.0
1,590,0.0
1,591,0.0
1,592,0.0
1,593,0.0
1,594,0.0
1,595,0.0
1,596,0.0
1,597,0.0
1,598,2.5
1,599,1.0
1,600,4.0
1,601,2.0
1,602,5.0
1,603,4.0
1,604,3.5
1,605,1.0
1,606,1.0
1,607,0.0
1,608,0.0
1,609,0.0
1,610,0.0
1,611,0.0
1,612,0.0
1,613,0.0
1,614,0.0
1,615,0.0
1,616,0.0
1,617,0.0
1,618,0.0
1,619,0.0
1,620,0.0
1,621,0.0
1,622,0.0
1,623,0.0
1,624,0.0
1,625,0.0
1,626,0.0
1,627,0.0
1,628,0.0
1,629,0.0
1,630,0.0
1,631,0.0
1,632,0.0
1,633,0.0
1,634,0.0
1,635,1.0
1,636,1.0
1,637,1.0
1,638,5.0
1,639,5.0
1,640,1.0
1,641,0.0
1,642,0.0
1,643,0.0
1,644,0.0
1,645,0.0
1,646,0.0
1,647,0.0
1,648,0.0
1,649,0.0
1,650,0.0
1,651,0.0
1,652,0.0
1,653,0.0
1,654,0.0
1,655,0.0
1,656,0.0
1,657,0.0
1,658,0.0
1,659,0.0
1,660,0.0
1,661,0.0
1,662,0.0
1,663,0.0
1,664,0.0
1,665,0.0
1,666,0.0
1,667,0.0
1,668,0.0
1,669,0.0
1,670,0.0
1,671,0.0
1,672,0.0
1,673,0.0
1,674,0.0
1,675,0.0
1,676,0.0
1,677,0.0
1,678,0.0
1,679,0.0
1,680,0.0
1,681,0.0
1,682,0.0
1,683,0.0
1,684,0.0
1,685,0.0
1,686,0.0
1,687,0.0
1,688,0.0
1,689,0.0
1,690,0.0
1,691,0.0
1,692,0.0
1,693,0.0
1,694,0.0
1,695,0.0
1,696,0.0
1,697,0.0
1,698,0.0
1,699,0.0
1,700,0.0
1,701,0.0
1,702,0.0
1,703,0.0
1,704,0.0
1,705,0.0
1,706,0.0
1,707,0.0
1,708,0.0
1,709,0.0
1,710,0.0
1,711,0.0
1,712,0.0
1,713,0.0
1,714,0.0
1,715,0.0
1,716,0.0
1,717,0.0
1,718,0.0
1,719,0.0
1,720,0.0
1,721,0.0
1,722,0.0
1,723,0.0
1,724,0.0
1,725,0.0
1,726,0.0
1,727,0.0
1,728,0.0
1,729,0.0
1,730,0.0
1,731,0.0
1,732,0.0
1,733,0.0
1,734,0.0
1,735,0.0
1,736,0.0
1,737,0.0
1,738,0.0
1,739,0.0
1,740,0.0
1,741,0.0
1,742,0.0
1,743,0.0
1,744,0.0
1,745,0.0
1,746,0.0
1,747,0.0
1,748,0.0
1,749,0.0
1,750,0.0
1,751,0.0
1,752,0.0
1,753,0.0
1,754,0.0
1,755,0.0
1,756,0.0
2,1,0.0
2,2,0.0
2,3,0.0
2,4,0.0
2,5,0.0
2,6,0.0
2,7,0.0
2,8,0.0
2,9,0.0
2,10,0.0
2,11,0.0
2,12,0.0
2,13,0.0
2,14,0.0
2,15,0.0
2,16,0.0
2,17,0.0
2,18,0.0
2,19,0.0
2,20,0.0
2,21,0.0
2,22,0.0
2,23,0.0
2,24,0.0
2,25,0.0
2,26,0.0
2,27,0.0
2,28,0.0
2,29,0.0
2,30,0.0
2,31,0.0
2,32,0.0
2,33,0.0
2,34,0.0
2,35,0.0
2,36,0.0
2,37,0.0
2,38,0.0
2,39,0.0
2,40,0.0
2,41,0.0
2,42,0.0
2,43,0.0
2,44,0.0
2,45,0.0
2,46,0.0
2,47,0.0
2,48,0.0
2,49,0.0
2,50,0.0
2,51,0.0
2,52,0.0
2,53,0.0
2,54,0.0
2,55,0.0
2,56,0.0
2,57,0.0
2,58,0.0
2,59,0.0
2,60,0.0
2,61,0.0
2,62,0.0
2,63,0.0
2,64,0.0
2,65,0.0
2,66,0.0
2,67,0.0
2,68,0.0
2,69,0.0
2,70,0.0
2,71,0.0
2,72,0.0
2,73,0.0
2,74,0.0
2,75,0.0
2,76,0.0
2,77,0.0
2,78,0.0
2,79,0.0
2,80,0.0
2,81,0.0
2,82,0.0
2,83,0.0
2,84,0.0
2,85,0.0
2,86,0.0
2,87,0.0
2,88,0.0
2,89,0.0
2,90,0.0
2,91,0.0
2,92,0.0
2,93,0.0
2,94,0.0
2,95,0.0
2,96,0.0
2,97,0.0
2,98,0.0
2,99,0.0
2,100,0.0
2,101,0.0
2,102,0.0
2,103,0.0
2,104,0.0
2,105,0.0
2,106,0.0
2,107,0.0
2,108,0.0
2,109,0.0
2,110,0.0
2,111,0.0
2,112,0.0
2,113,0.0
2,114,0.0
2,115,0.0
2,116,0.0
2,117,0.0
2,118,0.0
2,119,0.0
2,120,0.0
2,121,0.0
2,122,0.0
2,123,0.0
2,124,0.0
2,125,0.0
2,126,0.0
2,127,0.0
2,128,0.0
2,129,0.0
2,130,0.0
2,131,0.0
2,132,0.0
2,133,0.0
2,134,0.0
2,135,0.0
2,136,0.0
2,137,0.0
2,138,0.0
2,139,0.0
2,140,0.0
2,141,0.0
2,142,0.0
2,143,0.0
2,144,0.0
2,145,0.0
2,146,0.0
2,147,0.0
2,148,0.0
2,149,0.0
2,150,0.0
2,151,0.0
2,152,0.0
2,153,0.0
2,154,0.0
2,155,0.0
2,156,0.0
2,157,0.0
2,158,0.0
2,159,0.0
2,160,0.0
2,161,0.0
2,162,0.0
2,163,0.0
2,164,0.0
2,165,0.0
2,166,0.0
2,167,0.0
2,168,0.0
2,169,0.0
2,170,1.0
2,171,1.0
2,172,0.0
2,173,0.0
2,174,0.0
2,175,0.0
2,176,0.0
2,177,0.0
2,178,0.0
2,179,0.0
2,180,0.0
2,181,0.0
2,182,1.0
2,183,0.0
2,184,0.0
2,185,0.0
2,186,0.0
2,187,0.0
2,188,0.0
2,189,0.0
2,190,0.0
2,191,0.0
2,192,0.0
2,193,0.0
2,194,0.0
2,195,0.0
2,196,0.0
2,197,0.0
2,198,0.0
2,199,0.0
2,200,0.0
2,201,0.0
2,202,0.0
2,203,1.0
2,204,1.0
2,205,1.0
2,206,1.0
2,207,1.0
2,208,1.0
2,209,1.0
2,210,1.0
2,211,0.0
2,212,0.0
2,213,0.0
2,214,0.0
2,215,0.0
2,216,0.0
2,217,0.0
2,218,0.0
2,219,0.0
2,220,1.0
2,221,0.0
2,222,0.0
2,223,0.0
2,224,0.0
2,225,0.0
2,226,0.0
2,227,0.0
2,228,0.0
2,229,0.0
2,230,0.0
2,231,0.0
2,232,0.0
2,233,0.0
2,234,0.0
2,235,0.0
2,236,0.0
2,237,1.0
2,238,0.0
2,239,1.0
2,240,0.0
2,241,1.0
2,242,1.0
2,243,1.0
2,244,1.0
2,245,1.0
2,246,1.0
2,247,0.0
2,248,0.0
2,249,0.0
2,250,0.0
2,251,0.0
2,252,0.0
2,253,0.0
2,254,0.0
2,255,0.0
2,256,0.0
2,257,0.0
2,258,0.0
2,259,0.0
2,260,0.0
2,261,0.0
2,262,0.0
2,263,0.0
2,264,0.0
2,265,0.0
2,266,0.0
2,267,0.0
2,268,0.0
2,269,0.0
2,270,1.0
2,271,0.0
2,272,0.0
2,273,1.0
2,274,1.0
2,275,1.0
2,276,1.0
2,277,0.0
2,278,1.0
2,279,1.0
2,280,1.0
2,281,1.0
2,282,1.0
2,283,0.0
2,284,0.0
2,285,0.0
2,286,0.0
2,287,0.0
2,288,0.0
2,289,0.0
2,290,0.0
2,291,0.0
2,292,0.0
2,293,0.0
2,294,0.0
2,295,0.0
2,296,0.0
2,297,0.0
2,298,0.0
2,299,0.0
2,300,0.0
2,301,0.0
2,302,0.0
2,303,0.0
2,304,0.0
2,305,0.0
2,306,1.0
2,307,1.0
2,308,0.0
2,309,0.0
2,310,0.0
2,311,0.0
2,312,0.0
2,313,1.0
2,314,1.0
2,315,1.0
2,316,1.0
2,317,1.0
2,318,1.0
2,319,0.0
2,320,0.0
2,321,0.0
2,322,0.0
2,323,0.0
2,324,0.0
2,325,0.0
2,326,0.0
2,327,0.0
2,328,0.0
2,329,0.0
2,330,0.0
2,331,0.0
2,332,0.0
2,333,0.0
2,334,0.0
2,335,0.0
2,336,0.0
2,337,0.0
2,338,0.0
2,339,0.0
2,340,0.0
2,341,0.0
2,342,1.0
2,343,1.0
2,344,1.0
2,345,0.0
2,346,0.0
2,347,0.0
2,348,0.0
2,349,0.0
2,350,1.0
2,351,1.0
2,352,1.0
2,353,1.0
2,354,1.0
2,355,0.0
2,356,0.0
2,357,0.0
2,358,0.0
2,359,0.0
2,360,0.0
2,361,0.0
2,362,0.0
2,363,0.0
2,364,0.0
2,365,0.0
2,366,0.0
2,367,0.0
2,368,0.0
2,369,0.0
2,370,0.0
2,371,0.0
2,372,0.0
2,373,0.0
2,374,0.0
2,375,0.0
2,376,0.0
2,377,0.0
2,378,0.0
2,379,0.0
2,380,1.0
2,381,1.0
2,382,0.0
2,383,0.0
2,384,0.0
2,385,0.0
2,386,0.0
2,387,1.0
2,388,1.0
2,389,1.0
2,390,1.0
2,391,0.0
2,392,0.0
2,393,0.0
2,394,0.0
2,395,0.0
2,396,0.0
2,397,0.0
2,398,0.0
2,399,0.0
2,400,0.0
2,401,0.0
2,402,0.0
2,403,0.0
2,404,0.0
2,405,0.0
2,406,0.0
2,407,0.0
2,408,0.0
2,409,0.0
2,410,0.0
2,411,0.0
2,412,0.0
2,413,0.0
2,414,0.0
2,415,0.0
2,416,0.0
2,417,1.0
2,418,1.0
2,419,1.0
2,420,1.0
2,421,0.0
2,422,0.0
2,423,1.0
2,424,1.0
2,425,1.0
2,426,1.0
2,427,1.0
2,428,0.0
2,429,0.0
2,430,0.0
2,431,0.0
2,432,0.0
2,433,0.0
2,434,0.0
2,435,0.0
2,436,0.0
2,437,0.0
2,438,0.0
2,439,0.0
2,440,0.0
2,441,0.0
2,442,0.0
2,443,0.0
2,444,0.0
2,445,0.0
2,446,0.0
2,447,0.0
2,448,0.0
2,449,0.0
2,450,0.0
2,451,0.0
2,452,0.0
2,453,0.0
2,454,1.0
2,455,1.0
2,456,1.0
2,457,1.0
2,458,0.0
2,459,1.0
2,460,1.0
2,461,1.0
2,462,1.0
2,463,1.0
2,464,0.0
2,465,0.0
2,466,0.0
2,467,0.0
2,468,0.0
2,469,0.0
2,470,0.0
2,471,0.0
2,472,0.0
2,473,0.0
2,474,0.0
2,475,0.0
2,476,0.0
2,477,0.0
2,478,0.0
2,479,0.0
2,480,0.0
2,481,0.0
2,482,0.0
2,483,0.0
2,484,0.0
2,485,0.0
2,486,0.0
2,487,0.0
2,488,0.0
2,489,0.0
2,490,1.0
2,491,1.0
2,492,1.0
2,493,1.0
2,494,1.0
2,495,0.0
2,496,1.0
2,497,1.0
2,498,1.0
2,499,0.0
2,500,0.0
2,501,0.0
2,502,0.0
2,503,0.0
2,504,0.0
2,505,0.0
2,506,0.0
2,507,0.0
2,508,0.0
2,509,0.0
2,510,0.0
2,511,0.0
2,512,0.0
2,513,0.0
2,514,0.0
2,515,0.0
2,516,0.0
2,517,0.0
2,518,0.0
2,519,0.0
2,520,0.0
2,521,0.0
2,522,0.0
2,523,0.0
2,524,0.0
2,525,0.0
2,526,0.0
2,527,1.0
2,528,1.0
2,529,1.0
2,530,1.0
2,531,0.0
2,532,0.0
2,533,1.0
2,534,1.0
2,535,0.0
2,536,0.0
2,537,0.0
2,538,0.0
2,539,0.0
2,540,0.0
2,541,0.0
2,542,0.0
2,543,0.0
2,544,0.0
2,545,0.0
2,546,0.0
2,547,0.0
2,548,0.0
2,549,0.0
2,550,0.0
2,551,0.0
2,552,0.0
2,553,0.0
2,554,0.0
2,555,0.0
2,556,0.0
2,557,0.0
2,558,0.0
2,559,0.0
2,560,0.0
2,561,0.0
2,562,0.0
2,563,1.0
2,564,1.0
2,565,1.0
2,566,1.0
2,567,1.0
2,568,1.0
2,569,1.0
2,570,1.0
2,571,0.0
2,572,0.0
2,573,0.0
2,574,0.0
2,575,0.0
2,576,0.0
2,577,0.0
2,578,0.0
2,579,0.0
2,580,0.0
2,581,0.0
2,582,0.0
2,583,0.0
2,584,0.0
2,585,0.0
2,586,0.0
2,587,0.0
2,588,0.0
2,589,0.0
2,590,0.0
2,591,0.0
2,592,0.0
2,593,0.0
2,594,0.0
2,595,0.0
2,596,0.0
2,597,0.0
2,598,0.0
2,599,0.0
2,600,0.0
2,601,0.0
2,602,1.0
2,603,0.0
2,604,0.0
2,605,0.0
2,606,0.0
2,607,0.0
2,608,0.0
2,609,0.0
2,610,0.0
2,611,0.0
2,612,0.0
2,613,0.0
2,614,0.0
2,615,0.0
2,616,0.0
2,617,0.0
2,618,0.0
2,619,0.0
2,620,0.0
2,621,0.0
2,622,0.0
2,623,0.0
2,624,0.0
2,625,0.0
2,626,0.0
2,627,0.0
2,628,0.0
2,629,0.0
2,630,0.0
2,631,0.0
2,632,0.0
2,633,0.0
2,634,0.0
2,635,0.0
2,636,0.0
2,637,0.0
2,638,0.0
2,639,0.0
2,640,0.0
2,641,0.0
2,642,0.0
2,643,0.0
2,644,0.0
2,645,0.0
2,646,0.0
2,647,0.0
2,648,0.0
2,649,0.0
2,650,0.0
2,651,0.0
2,652,0.0
2,653,0.0
2,654,0.0
2,655,0.0
2,656,0.0
2,657,0.0
2,658,0.0
2,659,0.0
2,660,0.0
2,661,0.0
2,662,0.0
2,663,0.0
2,664,0.0
2,665,0.0
2,666,0.0
2,667,0.0
2,668,0.0
2,669,0.0
2,670,0.0
2,671,0.0
2,672,0.0
2,673,0.0
2,674,0.0
2,675,0.0
2,676,0.0
2,677,0.0
2,678,0.0
2,679,0.0
2,680,0.0
2,681,0.0
2,682,0.0
2,683,0.0
2,684,0.0
2,685,0.0
2,686,0.0
2,687,0.0
2,688,0.0
2,689,0.0
2,690,0.0
2,691,0.0
2,692,0.0
2,693,0.0
2,694,0.0
2,695,0.0
2,696,0.0
2,697,0.0
2,698,0.0
2,699,0.0
2,700,0.0
2,701,0.0
2,702,0.0
2,703,0.0
2,704,0.0
2,705,0.0
2,706,0.0
2,707,0.0
2,708,0.0
2,709,0.0
2,710,0.0
2,711,0.0
2,712,0.0
2,713,0.0
2,714,0.0
2,715,0.0
2,716,0.0
2,717,0.0
2,718,0.0
2,719,0.0
2,720,0.0
2,721,0.0
2,722,0.0
2,723,0.0
2,724,0.0
2,725,0.0
2,726,0.0
2,727,0.0
2,728,0.0
2,729,0.0
2,730,0.0
2,731,0.0
2,732,0.0
2,733,0.0
2,734,0.0
2,735,0.0
2,736,0.0
2,737,0.0
2,738,0.0
2,739,0.0
2,740,0.0
2,741,0.0
2,742,0.0
2,743,0.0
2,744,0.0
2,745,0.0
2,746,0.0
2,747,0.0
2,748,0.0
2,749,0.0
2,750,0.0
2,751,0.0
2,752,0.0
2,753,0.0
2,754,0.0
2,755,0.0
2,756,0.0
3,1,0.0
3,2,0.0
3,3,0.0
3,4,0.0
3,5,0.0
3,6,0.0
3,7,0.0
3,8,0.0
3,9,0.0
3,10,0.0
3,11,0.0
3,12,0.0
3,13,0.0
3,14,0.0
3,15,0.0
3,16,0.0
3,17,0.0
3,18,0.0
3,19,0.0
3,20,0.0
3,21,0.0
3,22,0.0
3,23,0.0
3,24,0.0
3,25,0.0
3,26,0.0
3,27,0.0
3,28,0.0
3,29,0.0
3,30,0.0
3,31,0.0
3,32,0.0
3,33,0.0
3,34,0.0
3,35,0.0
3,36,0.0
3,37,0.0
3,38,0.0
3,39,0.0
3,40,0.0
3,41,0.0
3,42,0.0
3,43,0.0
3,44,0.0
3,45,0.0
3,46,0.0
3,47,0.0
3,48,0.0
3,49,0.0
3,50,0.0
3,51,0.0
3,52,0.0
3,53,0.0
3,54,0.0
3,55,0.0
3,56,0.0
3,57,0.0
3,58,0.0
3,59,0.0
3,60,0.0
3,61,0.0
3,62,0.0
3,63,0.0
3,64,0.0
3,65,0.0
3,66,0.0
3,67,0.0
3,68,0.0
3,69,0.0
3,70,0.0
3,71,0.0
3,72,0.0
3,73,0.0
3,74,0.0
3,75,0.0
3,76,0.0
3,77,0.0
3,78,0.0
3,79,0.0
3,80,0.0
3,81,0.0
3,82,0.0
3,83,0.0
3,84,0.0
3,85,0.0
3,86,0.0
3,87,0.0
3,88,0.0
3,89,0.0
3,90,0.0
3,91,0.0
3,92,0.0
3,93,0.0
3,94,0.0
3,95,0.0
3,96,0.0
3,97,0.0
3,98,0.0
3,99,0.0
3,100,0.0
3,101,0.0
3,102,0.0
3,103,0.0
3,104,0.0
3,105,0.0
3,106,0.0
3,107,0.0
3,108,0.0
3,109,0.0
3,110,0.0
3,111,0.0
3,112,0.0
3,113,0.0
3,114,0.0
3,115,0.0
3,116,0.0
3,117,0.0
3,118,0.0
3,119,0.0
3,120,0.0
3,121,0.0
3,122,0.0
3,123,0.0
3,124,0.0
3,125,0.0
3,126,0.0
3,127,0.0
3,128,0.0
3,129,0.0
3,130,0.0
3,131,0.0
3,132,1.0
3,133,1.0
3,134,1.0
3,135,0.0
3,136,0.0
3,137,0.0
3,138,0.0
3,139,0.0
3,140,0.0
3,141,0.0
3,142,0.0
3,143,0.0
3,144,0.0
3,145,0.0
3,146,1.0
3,147,1.0
3,148,0.0
3,149,0.0
3,150,0.0
3,151,0.0
3,152,0.0
3,153,0.0
3,154,0.0
3,155,0.0
3,156,0.0
3,157,0.0
3,158,0.0
3,159,0.0
3,160,0.0
3,161,0.0
3,162,0.0
3,163,0.0
3,164,0.0
3,165,1.0
3,166,1.0
3,167,1.0
3,168,1.0
3,169,1.0
3,170,0.0
3,171,0.0
3,172,0.0
3,173,0.0
3,174,0.0
3,175,0.0
3,176,0.0
3,177,0.0
3,178,0.0
3,179,0.0
3,180,0.0
3,181,1.0
3,182,0.0
3,183,1.0
3,184,1.0
3,185,1.0
3,186,0.0
3,187,0.0
3,188,0.0
3,189,0.0
3,190,0.0
3,191,0.0
3,192,0.0
3,193,0.0
3,194,0.0
3,195,0.0
3,196,0.0
3,197,0.0
3,198,1.0
3,199,1.0
3,200,0.0
3,201,1.0
3,202,1.0
3,203,0.0
3,204,0.0
3,205,0.0
3,206,0.0
3,207,0.0
3,208,0.0
3,209,0.0
3,210,0.0
3,211,0.0
3,212,0.0
3,213,0.0
3,214,0.0
3,215,0.0
3,216,0.0
3,217,0.0
3,218,1.0
3,219,1.0
3,220,0.0
3,221,1.0
3,222,1.0
3,223,0.0
3,224,0.0
3,225,0.0
3,226,0.0
3,227,0.0
3,228,0.0
3,229,0.0
3,230,0.0
3,231,0.0
3,232,0.0
3,233,1.0
3,234,1.0
3,235,1.0
3,236,1.0
3,237,0.0
3,238,1.0
3,239,0.0
3,240,1.0
3,241,0.0
3,242,0.0
3,243,0.0
3,244,0.0
3,245,0.0
3,246,0.0
3,247,0.0
3,248,0.0
3,249,0.0
3,250,0.0
3,251,0.0
3,252,0.0
3,253,0.0
3,254,1.0
3,255,1.0
3,256,1.0
3,257,1.0
3,258,1.0
3,259,0.0
3,260,0.0
3,261,0.0
3,262,0.0
3,263,0.0
3,264,0.0
3,265,0.0
3,266,0.0
3,267,0.0
3,268,1.0
3,269,1.0
3,270,0.0
3,271,0.0
3,272,0.0
3,273,0.0
3,274,0.0
3,275,0.0
3,276,0.0
3,277,1.0
3,278,0.0
3,279,0.0
3,280,0.0
3,281,0.0
3,282,0.0
3,283,1.0
3,284,0.0
3,285,0.0
3,286,0.0
3,287,0.0
3,288,0.0
3,289,0.0
3,290,0.0
3,291,0.0
3,292,1.0
3,293,1.0
3,294,0.0
3,295,0.0
3,296,0.0
3,297,0.0
3,298,0.0
3,299,0.0
3,300,0.0
3,301,0.0
3,302,0.0
3,303,0.0
3,304,1.0
3,305,1.0
3,306,0.0
3,307,0.0
3,308,0.0
3,309,0.0
3,310,0.0
3,311,0.0
3,312,0.0
3,313,0.0
3,314,0.0
3,315,0.0
3,316,0.0
3,317,0.0
3,318,0.0
3,319,1.0
3,320,0.0
3,321,0.0
3,322,0.0
3,323,0.0
3,324,0.0
3,325,0.0
3,326,0.0
3,327,0.0
3,328,0.0
3,329,0.0
3,330,0.0
3,331,0.0
3,332,0.0
3,333,0.0
3,334,0.0
3,335,0.0
3,336,0.0
3,337,0.0
3,338,0.0
3,339,0.0
3,340,1.0
3,341,1.0
3,342,0.0
3,343,0.0
3,344,0.0
3,345,0.0
3,346,0.0
3,347,0.0
3,348,0.0
3,349,0.0
3,350,0.0
3,351,0.0
3,352,0.0
3,353,0.0
3,354,0.0
3,355,1.0
3,356,0.0
3,357,0.0
3,358,0.0
3,359,0.0
3,360,0.0
3,361,0.0
3,362,0.0
3,363,0.0
3,364,0.0
3,365,0.0
3,366,0.0
3,367,0.0
3,368,0.0
3,369,0.0
3,370,0.0
3,371,0.0
3,372,0.0
3,373,0.0
3,374,0.0
3,375,0.0
3,376,1.0
3,377,1.0
3,378,1.0
3,379,1.0
3,380,0.0
3,381,0.0
3,382,0.0
3,383,0.0
3,384,0.0
3,385,0.0
3,386,0.0
3,387,0.0
3,388,0.0
3,389,0.0
3,390,0.0
3,391,1.0
3,392,0.0
3,393,0.0
3,394,0.0
3,395,0.0
3,396,0.0
3,397,0.0
3,398,0.0
3,399,0.0
3,400,0.0
3,401,0.0
3,402,0.0
3,403,0.0
3,404,0.0
3,405,0.0
3,406,0.0
3,407,0.0
3,408,0.0
3,409,0.0
3,410,0.0
3,411,0.0
3,412,0.0
3,413,0.0
3,414,1.0
3,415,1.0
3,416,1.0
3,417,0.0
3,418,0.0
3,419,0.0
3,420,0.0
3,421,0.0
3,422,0.0
3,423,0.0
3,424,0.0
3,425,0.0
3,426,0.0
3,427,0.0
3,428,0.0
3,429,0.0
3,430,0.0
3,431,0.0
3,432,0.0
3,433,0.0
3,434,0.0
3,435,0.0
3,436,0.0
3,437,0.0
3,438,0.0
3,439,0.0
3,440,0.0
3,441,0.0
3,442,0.0
3,443,0.0
3,444,0.0
3,445,0.0
3,446,0.0
3,447,0.0
3,448,0.0
3,449,0.0
3,450,0.0
3,451,1.0
3,452,1.0
3,453,1.0
3,454,0.0
3,455,0.0
3,456,0.0
3,457,0.0
3,458,0.0
3,459,0.0
3,460,0.0
3,461,0.0
3,462,0.0
3,463,0.0
3,464,0.0
3,465,0.0
3,466,0.0
3,467,0.0
3,468,0.0
3,469,0.0
3,470,0.0
3,471,0.0
3,472,0.0
3,473,0.0
3,474,0.0
3,475,0.0
3,476,0.0
3,477,0.0
3,478,0.0
3,479,0.0
3,480,0.0
3,481,0.0
3,482,0.0
3,483,0.0
3,484,0.0
3,485,0.0
3,486,0.0
3,487,0.0
3,488,0.0
3,489,1.0
3,490,0.0
3,491,0.0
3,492,0.0
3,493,0.0
3,494,0.0
3,495,0.0
3,496,0.0
3,497,0.0
3,498,0.0
3,499,1.0
3,500,0.0
3,501,0.0
3,502,0.0
3,503,0.0
3,504,0.0
3,505,0.0
3,506,0.0
3,507,0.0
3,508,0.0
3,509,0.0
3,510,0.0
3,511,0.0
3,512,0.0
3,513,0.0
3,514,0.0
3,515,0.0
3,516,0.0
3,517,0.0
3,518,0.0
3,519,0.0
3,520,0.0
3,521,0.0
3,522,0.0
3,523,0.0
3,524,0.0
3,525,1.0
3,526,1.0
3,527,0.0
3,528,0.0
3,529,0.0
3,530,0.0
3,531,0.0
3,532,0.0
3,533,0.0
3,534,0.0
3,535,1.0
3,536,0.0
3,537,0.0
3,538,0.0
3,539,0.0
3,540,0.0
3,541,0.0
3,542,0.0
3,543,0.0
3,544,0.0
3,545,0.0
3,546,0.0
3,547,0.0
3,548,0.0
3,549,0.0
3,550,0.0
3,551,0.0
3,552,0.0
3,553,0.0
3,554,0.0
3,555,0.0
3,556,0.0
3,557,0.0
3,558,0.0
3,559,0.0
3,560,0.0
3,561,1.0
3,562,1.0
3,563,0.0
3,564,0.0
3,565,0.0
3,566,0.0
3,567,0.0
3,568,0.0
3,569,0.0
3,570,0.0
3,571,0.0
3,572,0.0
3,573,0.0
3,574,0.0
3,575,0.0
3,576,0.0
3,577,0.0
3,578,0.0
3,579,0.0
3,580,0.0
3,581,0.0
3,582,0.0
3,583,0.0
3,584,0.0
3,585,0.0
3,586,0.0
3,587,0.0
3,588,0.0
3,589,0.0
3,590,0.0
3,591,0.0
3,592,0.0
3,593,0.0
3,594,0.0
3,595,0.0
3,596,0.0
3,597,0.0
3,598,1.0
3,599,1.0
3,600,1.0
3,601,1.0
3,602,0.0
3,603,1.0
3,604,1.0
3,605,0.0
3,606,0.0
3,607,0.0
3,608,0.0
3,609,0.0
3,610,0.0
3,611,0.0
3,612,0.0
3,613,0.0
3,614,0.0
3,615,0.0
3,616,0.0
3,617,0.0
3,618,0.0
3,619,0.0
3,620,0.0
3,621,0.0
3,622,0.0
3,623,0.0
3,624,0.0
3,625,0.0
3,626,0.0
3,627,0.0
3,628,0.0
3,629,0.0
3,630,0.0
3,631,0.0
3,632,0.0
3,633,0.0
3,634,0.0
3,635,0.0
3,636,1.0
3,637,1.0
3,638,1.0
3,639,0.0
3,640,0.0
3,641,0.0
3,642,0.0
3,643,0.0
3,644,0.0
3,645,0.0
3,646,0.0
3,647,0.0
3,648,0.0
3,649,0.0
3,650,0.0
3,651,0.0
3,652,0.0
3,653,0.0
3,654,0.0
3,655,0.0
3,656,0.0
3,657,0.0
3,658,0.0
3,659,0.0
3,660,0.0
3,661,0.0
3,662,0.0
3,663,0.0
3,664,0.0
3,665,0.0
3,666,0.0
3,667,0.0
3,668,0.0
3,669,0.0
3,670,0.0
3,671,0.0
3,672,0.0
3,673,0.0
3,674,0.0
3,675,0.0
3,676,0.0
3,677,0.0
3,678,0.0
3,679,0.0
3,680,0.0
3,681,0.0
3,682,0.0
3,683,0.0
3,684,0.0
3,685,0.0
3,686,0.0
3,687,0.0
3,688,0.0
3,689,0.0
3,690,0.0
3,691,0.0
3,692,0.0
3,693,0.0
3,694,0.0
3,695,0.0
3,696,0.0
3,697,0.0
3,698,0.0
3,699,0.0
3,700,0.0
3,701,0.0
3,702,0.0
3,703,0.0
3,704,0.0
3,705,0.0
3,706,0.0
3,707,0.0
3,708,0.0
3,709,0.0
3,710,0.0
3,711,0.0
3,712,0.0
3,713,0.0
3,714,0.0
3,715,0.0
3,716,0.0
3,717,0.0
3,718,0.0
3,719,0.0
3,720,0.0
3,721,0.0
3,722,0.0
3,723,0.0
3,724,0.0
3,725,0.0
3,726,0.0
3,727,0.0
3,728,0.0
3,729,0.0
3,730,0.0
3,731,0.0
3,732,0.0
3,733,0.0
3,734,0.0
3,735,0.0
3,736,0.0
3,737,0.0
3,738,0.0
3,739,0.0
3,740,0.0
3,741,0.0
3,742,0.0
3,743,0.0
3,744,0.0
3,745,0.0
3,746,0.0
3,747,0.0
3,748,0.0
3,749,0.0
3,750,0.0
3,751,0.0
3,752,0.0
3,753,0.0
3,754,0.0
3,755,0.0
3,756,0.0
